first_name,last_name,age,gender,occupation,city,state
John,Doe,30,Male,Engineer,New York,NY
Jane,Doe,28,Female,Engineer,Los Angeles,CA
Bob,Smith,45,Male,Analyst,Chicago,IL
Alice,Johnson,35,Female,Data Scientist,San Francisco,CA
Tom,Brown,50,Male,Lawyer,Miami,FL
Emily,Davis,32,Female,Software Developer,Seattle,WA
Charlie,Miller,40,Male,Accountant,Boston,MA
Eva,Williams,29,Female,Marketing Manager,Austin,TX
Mike,Jones,38,Male,Analyst,Denver,CO
Sophia,Taylor,42,Female,Analyst,Atlanta,GA
John,Doe,30,Male,Engineer,New York,NY
Jane,Doe,28,Female,Engineer,Los Angeles,CA
Bob,Smith,45,Male,Analyst,Chicago,IL
Alice,Johnson,35,Female,Data Scientist,San Francisco,CA
Tom,Brown,50,Male,Lawyer,Miami,FL
Emily,Davis,32,Female,Software Developer,Seattle,WA
Charlie,Miller,40,Male,Accountant,Boston,MA
Eva,Williams,29,Female,Marketing Manager,Austin,TX
Mike,Jones,38,Male,Analyst,Denver,CO
Sophia,Taylor,42,Female,Analyst,Atlanta,GA
Alex,Johnson,33,Male,Analyst,Portland,OR
Megan,White,27,Female,Data Scientist,San Diego,CA
Daniel,Clark,36,Male,Analyst,Houston,TX
Olivia,Martinez,31,Female,Data Scientist,Phoenix,AZ
William,Lee,48,Male,Professor,Philadelphia,PA
Emma,Garcia,29,Female,Data Scientist,Minneapolis,MN
Ryan,Harris,41,Male,Data Scientist,Dallas,TX
Ava,Taylor,26,Female,Product Manager,San Jose,CA
Christopher,Anderson,37,Male,Engineer,Detroit,MI
Sophie,Wilson,34,Female,HR Specialist,Raleigh,NC
David,Miller,29,Male,Engineer,New York,NY
Sophia,Taylor,34,Female,Engineer,Los Angeles,CA
Bob,Smith,42,Male,Analyst,Chicago,IL
Alice,Johnson,39,Female,Data Scientist,San Francisco,CA
Tom,Brown,37,Male,Lawyer,Miami,FL
Emily,Davis,28,Female,Software Developer,Seattle,WA
Charlie,Miller,45,Male,Accountant,Boston,MA
Eva,Williams,31,Female,Marketing Manager,Austin,TX
Mike,Jones,36,Male,Analyst,Denver,CO
Sophia,Taylor,49,Female,Analyst,Atlanta,GA
Alex,Johnson,37,Male,Analyst,Portland,OR
Megan,White,27,Female,Data Scientist,San Diego,CA
Daniel,Clark,41,Male,Analyst,Houston,TX
Olivia,Martinez,32,Female,Data Scientist,Phoenix,AZ
William,Lee,47,Male,Professor,Philadelphia,PA
Emma,Garcia,30,Female,Data Scientist,Minneapolis,MN
Ryan,Harris,40,Male,Entrepreneur,Dallas,TX
Ava,Taylor,26,Female,Product Manager,San Jose,CA
Christopher,Anderson,35,Male,Engineer,Detroit,MI
Sophie,Wilson,33,Female,HR Specialist,Raleigh,NC
Grace,Brown,55,Female,Analyst,New York,NY
Brian,Taylor,50,Male,Professor,Los Angeles,CA
Lily,Harrison,42,Female,Engineer,Chicago,IL
Kevin,Garcia,55,Male,Analyst,San Francisco,CA
Sophie,Smithson,48,Female,Lawyer,Miami,FL
John,Clarkston,38,Male,Software Developer,Seattle,WA
Emma,Millerson,40,Female,Accountant,Boston,MA
David,Williamson,45,Male,Marketing Manager,Austin,TX
Ava,Johnsonson,38,Female,Analyst,Denver,CO
Daniel,Anderson,42,Male,Data Scientist,Atlanta,GA
Michael,Martinson,33,Male,Engineer,Portland,OR
Sophia,Whiterson,27,Female,Data Scientist,San Diego,CA
Robert,Davidson,41,Male,Analyst,Houston,TX
Grace,Wilson,45,Female,Data Scientist,Phoenix,AZ
Andrew,Leeson,48,Male,Professor,Philadelphia,PA
Emily,Garcia,39,Female,Data Scientist,Minneapolis,MN
Christopher,Sanders,41,Male,Entrepreneur,Dallas,TX
Olivia,Martinez,36,Female,Product Manager,San Jose,CA
Sophie,Brownson,43,Female,Engineer,Detroit,MI
Matthew,Taylors,46,Male,HR Specialist,Raleigh,NC
